collection,col,power
pierrevallee,0,0.3
pierrevallee,1,0.31
pierrevallee,2,0.28
pierrevallee,3,0.24993869989783316
pierrevallee,4,0.31
pierrevallee,5,0.32
pierrevallee,6,0.1796934161556936
pierrevallee,7,0.27
pierrevallee,8,0.17
pierrevallee,9,0.3276837461395769
pierrevallee,10,1.63
pierrevallee,11,0.13
pierrevallee,12,0.04
pierrevallee,13,0.17
pierrevallee,14,0.14
pierrevallee,15,0.2795380492300821
pierrevallee,16,0.3
pierrevallee,17,0.28
pierrevallee,18,0.299261398768998
pierrevallee,19,0.39
pierrevallee,20,0.27
pierrevallee,21,0.24043063405105672
pierrevallee,22,0.13
pierrevallee,23,0.06
pierrevallee,24,0.010000000000000002
pierrevallee,25,0.04
pierrevallee,26,0.0
pierrevallee,27,0.0
pierrevallee,28,0.0
pierrevallee,29,0.0
pierrevallee,30,0.0
pierrevallee,31,0.0
pierrevallee,32,0.0
pierrevallee,33,0.0
pierrevallee,34,0.0
pierrevallee,35,0.01
pierrevallee,36,0.00962868271447119
pierrevallee,37,0.01
pierrevallee,38,0.13
pierrevallee,39,0.0808053346755578
pierrevallee,40,0.04
pierrevallee,41,0.18
pierrevallee,42,0.15
pierrevallee,43,0.14
pierrevallee,44,0.2
pierrevallee,45,0.12139600232667054
pierrevallee,46,0.26
pierrevallee,47,0.05
pierrevallee,48,0.010496667494445824
pierrevallee,49,0.01
pierrevallee,50,0.0
pierrevallee,51,0.009471999119998534
pierrevallee,52,0.01
pierrevallee,53,0.01
pierrevallee,54,0.010000000000000002
pierrevallee,55,0.01
pierrevallee,56,0.03
pierrevallee,57,0.02
pierrevallee,58,0.01
pierrevallee,59,0.04
pierrevallee,60,0.029999999999999995
pierrevallee,61,0.03
pierrevallee,62,0.04
pierrevallee,63,0.02
pierrevallee,64,0.02
pierrevallee,65,0.01
pierrevallee,66,0.01931533219222032
pierrevallee,67,0.02
pierrevallee,68,0.01
pierrevallee,69,0.01928399880666468
pierrevallee,70,0.02
pierrevallee,71,0.01
pierrevallee,72,0.12925266542110903
pierrevallee,73,0.22
pierrevallee,74,0.1
pierrevallee,75,0.13610666017776699
pierrevallee,76,0.25
pierrevallee,77,0.1
pierrevallee,78,0.45435994059990104
pierrevallee,79,0.25
pierrevallee,80,0.15
pierrevallee,81,0.15673067788446313
pierrevallee,82,0.47
pierrevallee,83,0.17
pierrevallee,84,0.08523600872668122
pierrevallee,85,0.18
pierrevallee,86,0.17
pierrevallee,87,0.14367198945331575
pierrevallee,88,0.4
pierrevallee,89,0.13
pierrevallee,90,0.12626132710221183
pierrevallee,91,0.16
pierrevallee,92,0.12
pierrevallee,93,0.13579200965334942
pierrevallee,94,0.28
pierrevallee,95,0.31
pierrevallee,96,0.16697201162001937
pierrevallee,97,0.18
pierrevallee,98,0.24
pierrevallee,99,0.2012933521555869
pierrevallee,100,0.17
pierrevallee,101,0.17
pierrevallee,102,0.19000000000000003
pierrevallee,103,0.16
pierrevallee,104,0.1
pierrevallee,105,0.2991199818666364
pierrevallee,106,0.16
pierrevallee,107,0.13
pierrevallee,108,0.14664399440665732
pierrevallee,109,0.12
pierrevallee,110,0.28
pierrevallee,111,0.22229867049778418
pierrevallee,112,0.11
pierrevallee,113,0.03
pierrevallee,114,0.028819998033330057
pierrevallee,115,0.02
pierrevallee,116,0.03
pierrevallee,117,0.028789331315552193
pierrevallee,118,0.02
pierrevallee,119,0.13
pierrevallee,120,0.17117201862003104
pierrevallee,121,0.33
pierrevallee,122,0.35
pierrevallee,123,0.32438394063990106
pierrevallee,124,3.44
pierrevallee,125,0.39
pierrevallee,126,0.39609199348665586
pierrevallee,127,0.37
pierrevallee,128,0.17
pierrevallee,129,0.22133333555555926
pierrevallee,130,0.33
pierrevallee,131,0.19
pierrevallee,132,0.15
pierrevallee,133,0.14
pierrevallee,134,0.12
pierrevallee,135,0.17302665504442505
pierrevallee,136,0.19
pierrevallee,137,0.29
pierrevallee,138,0.3400000000000001
pierrevallee,139,0.31
pierrevallee,140,0.34
pierrevallee,141,0.26126398543997575
pierrevallee,142,0.15
pierrevallee,143,1.08
zhannadosmailova,0,0.0
zhannadosmailova,1,0.0
zhannadosmailova,2,0.01
zhannadosmailova,3,0.01
zhannadosmailova,4,0.01
zhannadosmailova,5,0.01
zhannadosmailova,6,0.010668671159379056
zhannadosmailova,7,0.01
zhannadosmailova,8,0.01
zhannadosmailova,9,0.010000000000000002
zhannadosmailova,10,0.01
zhannadosmailova,11,0.01
zhannadosmailova,12,0.018663314248003784
zhannadosmailova,13,0.01
zhannadosmailova,14,0.01
zhannadosmailova,15,0.011670187996949492
zhannadosmailova,16,0.01
zhannadosmailova,17,0.01
zhannadosmailova,18,0.01
zhannadosmailova,19,0.010000000000000002
zhannadosmailova,20,0.01
zhannadosmailova,21,0.010000000000000002
zhannadosmailova,22,0.01
zhannadosmailova,23,0.01
zhannadosmailova,24,0.01
zhannadosmailova,25,0.01
zhannadosmailova,26,0.01
zhannadosmailova,27,0.01
zhannadosmailova,28,0.01
zhannadosmailova,29,0.01
zhannadosmailova,30,0.01
zhannadosmailova,31,0.02
zhannadosmailova,32,0.01
zhannadosmailova,33,0.01
zhannadosmailova,34,0.01
zhannadosmailova,35,0.01
zhannadosmailova,36,0.01
zhannadosmailova,37,0.01
zhannadosmailova,38,0.01
zhannadosmailova,39,0.01
zhannadosmailova,40,0.01
zhannadosmailova,41,0.01
zhannadosmailova,42,0.01
zhannadosmailova,43,0.02
zhannadosmailova,44,0.01
zhannadosmailova,45,0.01
zhannadosmailova,46,0.01
zhannadosmailova,47,0.01
zhannadosmailova,48,0.01
zhannadosmailova,49,0.03
zhannadosmailova,50,0.0976046929371935
zhannadosmailova,51,0.36889841565389836
zhannadosmailova,52,0.23
zhannadosmailova,53,0.213998474744907
zhannadosmailova,54,0.1865074688677927
zhannadosmailova,55,0.09
zhannadosmailova,56,0.0702757580399967
zhannadosmailova,57,0.034404687549979045
zhannadosmailova,58,0.02
zhannadosmailova,59,0.15873183288187354
zhannadosmailova,60,0.16643517918380335
zhannadosmailova,61,0.07
zhannadosmailova,62,0.06359130234225985
zhannadosmailova,63,0.056769186480111915
zhannadosmailova,64,0.06
zhannadosmailova,65,0.1003190914462819
zhannadosmailova,66,0.17000000000000004
zhannadosmailova,67,0.37
zhannadosmailova,68,0.2204317010634698
zhannadosmailova,69,0.09206040750910355
zhannadosmailova,70,0.04
zhannadosmailova,71,0.10135384066303142
zhannadosmailova,72,0.1368789004695294
zhannadosmailova,73,0.31
zhannadosmailova,74,0.3312303387716141
zhannadosmailova,75,0.22037877168143383
zhannadosmailova,76,0.29
zhannadosmailova,77,0.3974021000035353
zhannadosmailova,78,0.17000000000000004
zhannadosmailova,79,0.22
zhannadosmailova,80,0.3958667102133168
zhannadosmailova,81,0.3686858563734956
zhannadosmailova,82,0.34
zhannadosmailova,83,0.4609092776250465
zhannadosmailova,84,0.6517454069787997
zhannadosmailova,85,0.27
zhannadosmailova,86,0.6220317710972577
zhannadosmailova,87,0.28422424953577363
zhannadosmailova,88,0.33
zhannadosmailova,89,0.5043396369354157
zhannadosmailova,90,0.6
zhannadosmailova,91,0.58
zhannadosmailova,92,0.5770342374313762
zhannadosmailova,93,0.6108515165850448
zhannadosmailova,94,0.59
zhannadosmailova,95,0.3010422744819436
zhannadosmailova,96,0.44
zhannadosmailova,97,0.9854609687895097
zhannadosmailova,98,0.5895556726526475
zhannadosmailova,99,0.77
zhannadosmailova,100,0.843504888055367
zhannadosmailova,101,0.19303616672755342
zhannadosmailova,102,0.03
zhannadosmailova,103,0.2249859511547999
zhannadosmailova,104,0.15183850477862756
zhannadosmailova,105,0.22
zhannadosmailova,106,0.2197046796375078
zhannadosmailova,107,0.13475625379840708
zhannadosmailova,108,0.24
zhannadosmailova,109,0.1933013860292694
zhannadosmailova,110,0.5091528100215658
zhannadosmailova,111,0.33
zhannadosmailova,112,0.20738509660790677
zhannadosmailova,113,0.23791580457206157
zhannadosmailova,114,0.17
zhannadosmailova,115,0.14498191074395747
zhannadosmailova,116,0.18837583901656402
zhannadosmailova,117,0.22
zhannadosmailova,118,0.2022262663741858
zhannadosmailova,119,0.10116764506337553
zhannadosmailova,120,0.06
zhannadosmailova,121,0.27583477413261637
zhannadosmailova,122,0.25544990816482854
zhannadosmailova,123,0.07
zhannadosmailova,124,0.0
zhannadosmailova,125,0.0
zhannadosmailova,126,0.0
zhannadosmailova,127,0.01
zhannadosmailova,128,0.01
zhannadosmailova,129,0.01
zhannadosmailova,130,0.01
zhannadosmailova,131,0.010000000000000002
zhannadosmailova,132,0.01
zhannadosmailova,133,0.01
zhannadosmailova,134,0.01
zhannadosmailova,135,0.01
zhannadosmailova,136,0.01
zhannadosmailova,137,0.01
zhannadosmailova,138,0.01
zhannadosmailova,139,0.01
zhannadosmailova,140,0.01
zhannadosmailova,141,0.01
zhannadosmailova,142,0.01
zhannadosmailova,143,0.01
basaktaner,0,0.11
basaktaner,1,0.13
basaktaner,2,0.05
basaktaner,3,0.05
basaktaner,4,0.07
basaktaner,5,0.06
basaktaner,6,0.05128569946547528
basaktaner,7,0.05
basaktaner,8,0.06
basaktaner,9,0.041928557701628746
basaktaner,10,0.04
basaktaner,11,0.05
basaktaner,12,0.05257141593778221
basaktaner,13,0.05
basaktaner,14,0.07
basaktaner,15,0.05678572582606432
basaktaner,16,0.05
basaktaner,17,0.08
basaktaner,18,0.05614286758991086
basaktaner,19,0.04
basaktaner,20,0.05
basaktaner,21,0.04899998129248519
basaktaner,22,0.05
basaktaner,23,0.05
basaktaner,24,0.09057139552958424
basaktaner,25,0.05
basaktaner,26,0.06
basaktaner,27,0.05
basaktaner,28,0.05
basaktaner,29,0.05
basaktaner,30,0.05642856535470299
basaktaner,31,0.07
basaktaner,32,0.06
basaktaner,33,0.05292857640914356
basaktaner,34,0.08
basaktaner,35,0.1
basaktaner,36,0.15714295432475225
basaktaner,37,0.28
basaktaner,38,0.24
basaktaner,39,0.20207138107377734
basaktaner,40,0.06
basaktaner,41,0.06
basaktaner,42,0.24400004081639595
basaktaner,43,0.1
basaktaner,44,1.2
basaktaner,45,0.9207142869290595
basaktaner,46,1.05
basaktaner,47,0.43
basaktaner,48,2.39
basaktaner,49,2.060858827991204
basaktaner,50,0.34
basaktaner,51,0.11
basaktaner,52,0.1053572199952721
basaktaner,53,0.15
basaktaner,54,0.26
basaktaner,55,0.15528575728870286
basaktaner,56,0.2
basaktaner,57,0.15
basaktaner,58,0.195571455053495
basaktaner,59,0.25
basaktaner,60,0.21
basaktaner,61,0.14142869290594032
basaktaner,62,0.28
basaktaner,63,0.17
basaktaner,64,0.3209999336733566
basaktaner,65,0.2
basaktaner,66,0.22
basaktaner,67,0.5982856943634258
basaktaner,68,0.65
basaktaner,69,0.31
basaktaner,70,0.2604299497107988
basaktaner,71,0.3
basaktaner,72,0.36
basaktaner,73,0.7231168590422773
basaktaner,74,0.32
basaktaner,75,0.41
basaktaner,76,0.1542775242815039
basaktaner,77,0.13
basaktaner,78,0.23
basaktaner,79,0.1964422048336817
basaktaner,80,0.11
basaktaner,81,0.2
basaktaner,82,0.3946084602184698
basaktaner,83,0.19
basaktaner,84,0.44
basaktaner,85,0.4738828467395353
basaktaner,86,0.17
basaktaner,87,0.23
basaktaner,88,0.22552240735103293
basaktaner,89,0.06
basaktaner,90,0.17
basaktaner,91,0.3192448796681627
basaktaner,92,0.27
basaktaner,93,0.21
basaktaner,94,0.17029659914387613
basaktaner,95,0.1
basaktaner,96,0.1
basaktaner,97,0.14
basaktaner,98,0.06886261711329442
basaktaner,99,0.07
basaktaner,100,0.08
basaktaner,101,0.14515380128197497
basaktaner,102,0.17
basaktaner,103,0.14
basaktaner,104,0.08741763166263888
basaktaner,105,0.04
basaktaner,106,0.06
basaktaner,107,0.06249726615181319
basaktaner,108,0.06
basaktaner,109,0.06
basaktaner,110,0.08057962683610007
basaktaner,111,0.07
basaktaner,112,0.06
basaktaner,113,0.021348947872360326
basaktaner,114,0.02
basaktaner,115,0.02
basaktaner,116,0.02885168172054714
basaktaner,117,0.02
basaktaner,118,0.03
basaktaner,119,0.055206097289281116
basaktaner,120,0.06
basaktaner,121,0.05
basaktaner,122,0.04
basaktaner,123,0.05
basaktaner,124,0.05
basaktaner,125,0.04364558443126604
basaktaner,126,0.03
basaktaner,127,0.07
basaktaner,128,0.04000000000000001
basaktaner,129,0.05
basaktaner,130,0.01
basaktaner,131,0.007640132041040887
basaktaner,132,0.01
basaktaner,133,0.01
basaktaner,134,0.010000000000000002
basaktaner,135,0.01
basaktaner,136,0.01
basaktaner,137,0.010000000000000002
basaktaner,138,0.01
basaktaner,139,0.1
basaktaner,140,0.07
basaktaner,141,0.06
basaktaner,142,0.12
basaktaner,143,0.09
laraaragon,0,0.91
laraaragon,1,0.8149930000000001
laraaragon,2,0.96
laraaragon,3,0.49
laraaragon,4,0.7600052666754445
laraaragon,5,0.7
laraaragon,6,0.61
laraaragon,7,0.6149950416584028
laraaragon,8,0.11
laraaragon,9,0.13
laraaragon,10,0.16000530000883337
laraaragon,11,0.14
laraaragon,12,0.13
laraaragon,13,0.1250049750082917
laraaragon,14,0.16
laraaragon,15,0.16
laraaragon,16,0.16999203332005552
laraaragon,17,0.19
laraaragon,18,0.05
laraaragon,19,0.030000000000000002
laraaragon,20,0.03
laraaragon,21,0.03
laraaragon,22,0.03500265833776389
laraaragon,23,0.03
laraaragon,24,0.03
laraaragon,25,0.04
laraaragon,26,0.03
laraaragon,27,0.04
laraaragon,28,0.03499667499445833
laraaragon,29,0.04
laraaragon,30,0.04
laraaragon,31,0.03499634166056943
laraaragon,32,0.05
laraaragon,33,0.04
laraaragon,34,0.04
laraaragon,35,0.03
laraaragon,36,0.03
laraaragon,37,0.03499567499279166
laraaragon,38,0.04
laraaragon,39,0.04
laraaragon,40,0.04
laraaragon,41,0.05
laraaragon,42,0.05
laraaragon,43,0.0649815249692083
laraaragon,44,0.04
laraaragon,45,0.02
laraaragon,46,0.04
laraaragon,47,0.1
laraaragon,48,0.13
laraaragon,49,0.2948566747611246
laraaragon,50,0.56
laraaragon,51,0.46
laraaragon,52,0.22506442510737518
laraaragon,53,0.17
laraaragon,54,0.27
laraaragon,55,0.6796553827589713
laraaragon,56,0.61
laraaragon,57,0.84
laraaragon,58,0.8698434997391662
laraaragon,59,0.74
laraaragon,60,0.77
laraaragon,61,0.6349102581837637
laraaragon,62,0.67
laraaragon,63,0.72
laraaragon,64,0.9798471497452497
laraaragon,65,0.6
laraaragon,66,0.67
laraaragon,67,0.7149558749264581
laraaragon,68,0.76
laraaragon,69,0.76
laraaragon,70,0.979670299450499
laraaragon,71,0.74
laraaragon,72,0.94
laraaragon,73,0.8695064325107208
laraaragon,74,1.02
laraaragon,75,0.54
laraaragon,76,0.46980349967249946
laraaragon,77,0.9
laraaragon,78,0.43
laraaragon,79,0.48975619959366595
laraaragon,80,0.57
laraaragon,81,0.92
laraaragon,82,0.7502937671562786
laraaragon,83,1.08
laraaragon,84,1.32
laraaragon,85,1.0699133998556665
laraaragon,86,1.41
laraaragon,87,1.26
laraaragon,88,0.7948772581287635
laraaragon,89,1.16
laraaragon,90,1.52
laraaragon,91,1.3799540332567222
laraaragon,92,1.81
laraaragon,93,1.52
laraaragon,94,1.8698344497240829
laraaragon,95,1.62
laraaragon,96,0.42
laraaragon,97,1.5539908566514278
laraaragon,98,1.66
laraaragon,99,1.14
laraaragon,100,0.6498251163751939
laraaragon,101,0.69
laraaragon,102,0.56
laraaragon,103,1.013986823311372
laraaragon,104,1.83
laraaragon,105,2.87
laraaragon,106,0.8102368503947507
laraaragon,107,0.69
laraaragon,108,1.23
laraaragon,109,1.1701619002698338
laraaragon,110,0.9
laraaragon,111,0.91
laraaragon,112,0.5403594505990843
laraaragon,113,0.2
laraaragon,114,0.28
laraaragon,115,0.5896885161475269
laraaragon,116,0.78
laraaragon,117,0.66
laraaragon,118,0.614405840676401
laraaragon,119,1.29
laraaragon,120,0.92
laraaragon,121,1.2845997243328737
laraaragon,122,1.02
laraaragon,123,1.31
laraaragon,124,2.7081808303013837
laraaragon,125,0.96
laraaragon,126,1.81
laraaragon,127,0.9507109678516131
laraaragon,128,0.86
laraaragon,129,2.99
laraaragon,130,1.4082848638081065
laraaragon,131,1.71
laraaragon,132,0.85
laraaragon,133,1.5529978216630362
laraaragon,134,2.18
laraaragon,135,1.59
laraaragon,136,0.7150514750857918
laraaragon,137,0.45
laraaragon,138,0.45
laraaragon,139,0.24059471765786275
laraaragon,140,0.25
laraaragon,141,0.36
laraaragon,142,0.40494652491087485
laraaragon,143,0.62
ruminagashima,0,0.39
ruminagashima,1,0.7051
ruminagashima,2,0.36513952523254206
ruminagashima,3,0.14
ruminagashima,4,0.20349052248420413
ruminagashima,5,0.15748924581540968
ruminagashima,6,0.12
ruminagashima,7,0.11132936888228148
ruminagashima,8,0.05
ruminagashima,9,0.06933233222055371
ruminagashima,10,0.08399247332078888
ruminagashima,11,0.1
ruminagashima,12,0.0989895
ruminagashima,13,0.049543500000000004
ruminagashima,14,0.04
ruminagashima,15,0.04
ruminagashima,16,0.04
ruminagashima,17,0.04
ruminagashima,18,0.05
ruminagashima,19,0.05
ruminagashima,20,0.05
ruminagashima,21,0.04
ruminagashima,22,0.04
ruminagashima,23,0.052052836754727924
ruminagashima,24,0.05
ruminagashima,25,0.04
ruminagashima,26,0.05
ruminagashima,27,0.05
ruminagashima,28,0.06
ruminagashima,29,0.08
ruminagashima,30,0.07
ruminagashima,31,0.06
ruminagashima,32,0.06
ruminagashima,33,0.07
ruminagashima,34,0.07
ruminagashima,35,0.08
ruminagashima,36,0.08
ruminagashima,37,0.07
ruminagashima,38,0.07
ruminagashima,39,0.07
ruminagashima,40,0.08
ruminagashima,41,0.0659430432384054
ruminagashima,42,0.07
ruminagashima,43,0.06
ruminagashima,44,0.07
ruminagashima,45,0.11
ruminagashima,46,0.07
ruminagashima,47,0.053242572070953446
ruminagashima,48,0.07
ruminagashima,49,0.05633499389165649
ruminagashima,50,0.07135298558830931
ruminagashima,51,0.05
ruminagashima,52,0.07
ruminagashima,53,0.0865320442200737
ruminagashima,54,0.05999999999999999
ruminagashima,55,0.07
ruminagashima,56,0.08512674187790313
ruminagashima,57,0.1335797726329544
ruminagashima,58,0.62
ruminagashima,59,0.6069948616581028
ruminagashima,60,0.8534721391202319
ruminagashima,61,0.8827898713164523
ruminagashima,62,0.9894709991183318
ruminagashima,63,1.2860765434609058
ruminagashima,64,1.248483014138357
ruminagashima,65,0.5440012233353723
ruminagashima,66,0.3178977464962442
ruminagashima,67,0.40732851221418703
ruminagashima,68,0.21714172856954764
ruminagashima,69,0.27
ruminagashima,70,0.4797925996543328
ruminagashima,71,0.5343519405865675
ruminagashima,72,0.4663714939524899
ruminagashima,73,0.39009353348922243
ruminagashima,74,0.3975767126278544
ruminagashima,75,0.2309670849451416
ruminagashima,76,0.47
ruminagashima,77,0.52
ruminagashima,78,0.23931151551919255
ruminagashima,79,0.37
ruminagashima,80,0.8499434999058332
ruminagashima,81,0.780655467759113
ruminagashima,82,0.95
ruminagashima,83,0.71
ruminagashima,84,0.3373153621922703
ruminagashima,85,0.32005218342030567
ruminagashima,86,0.3490957984929975
ruminagashima,87,0.71
ruminagashima,88,0.29
ruminagashima,89,0.9963363272272119
ruminagashima,90,1.04
ruminagashima,91,0.9549544749241249
ruminagashima,92,0.37555490925818213
ruminagashima,93,0.29
ruminagashima,94,0.452190636984395
ruminagashima,95,0.5075753792922989
ruminagashima,96,0.28
ruminagashima,97,0.524035
ruminagashima,98,0.44915021525035875
ruminagashima,99,0.92
ruminagashima,100,0.9390855151425253
ruminagashima,101,0.3935470725784543
ruminagashima,102,0.23
ruminagashima,103,0.14055961759936264
ruminagashima,104,0.12
ruminagashima,105,0.1830499550832585
ruminagashima,106,0.27
ruminagashima,107,0.15967306612177687
ruminagashima,108,0.22
ruminagashima,109,0.1861369768949615
ruminagashima,110,0.2261948936581561
ruminagashima,111,0.35
ruminagashima,112,0.3719624699374499
ruminagashima,113,0.5391279818799698
ruminagashima,114,0.43
ruminagashima,115,0.47
ruminagashima,116,0.4092213320355534
ruminagashima,117,0.2522879204798675
ruminagashima,118,0.43
ruminagashima,119,0.5509581682636139
ruminagashima,120,0.41408482347470577
ruminagashima,121,0.42
ruminagashima,122,0.38117053528422545
ruminagashima,123,0.3853605
ruminagashima,124,0.6683212305353843
ruminagashima,125,0.92
ruminagashima,126,0.9737716666666667
ruminagashima,127,0.9838340063900107
ruminagashima,128,1.03
ruminagashima,129,1.1121780536300894
ruminagashima,130,1.1112763521272537
ruminagashima,131,1.13
ruminagashima,132,0.7734105
ruminagashima,133,1.1499999999999997
ruminagashima,134,0.9899274665457776
ruminagashima,135,0.97
ruminagashima,136,0.6113378522297537
ruminagashima,137,0.5922499370832285
ruminagashima,138,0.78
ruminagashima,139,0.994099006831678
ruminagashima,140,1.0507325845543076
ruminagashima,141,1.29
ruminagashima,142,0.45670474450790755
ruminagashima,143,0.4
ruixianfan,0,1.15
ruixianfan,1,0.58
ruixianfan,2,0.52
ruixianfan,3,0.3697241495402493
ruixianfan,4,0.83
ruixianfan,5,0.2
ruixianfan,6,0.4193016821694703
ruixianfan,7,0.5
ruixianfan,8,0.54
ruixianfan,9,0.758293
ruixianfan,10,0.13
ruixianfan,11,0.17
ruixianfan,12,0.6502523337538897
ruixianfan,13,0.37
ruixianfan,14,1.0
ruixianfan,15,0.8012546687577813
ruixianfan,16,0.62
ruixianfan,17,0.46
ruixianfan,18,0.6292473320788867
ruixianfan,19,0.62
ruixianfan,20,0.22
ruixianfan,21,0.16087533479222466
ruixianfan,22,1.63
ruixianfan,23,1.62
ruixianfan,24,1.4517444862408104
ruixianfan,25,0.68
ruixianfan,26,0.22
ruixianfan,27,0.31168900281500467
ruixianfan,28,2.36
ruixianfan,29,1.04
ruixianfan,30,1.413100371833953
ruixianfan,31,1.38
ruixianfan,32,1.72
ruixianfan,33,1.9027480045800074
ruixianfan,34,1.65
ruixianfan,35,1.9
ruixianfan,36,1.5927443545739246
ruixianfan,37,1.87
ruixianfan,38,1.67
ruixianfan,39,1.4094396490660817
ruixianfan,40,1.8
ruixianfan,41,1.78
ruixianfan,42,1.790975018291697
ruixianfan,43,2.24
ruixianfan,44,0.52
ruixianfan,45,2.068588997648329
ruixianfan,46,2.11
ruixianfan,47,3.12
ruixianfan,48,2.8315050025083375
ruixianfan,49,2.65
ruixianfan,50,2.48
ruixianfan,51,2.401407719012865
ruixianfan,52,0.2
ruixianfan,53,0.46
ruixianfan,54,0.581691002818338
ruixianfan,55,0.46
ruixianfan,56,0.43
ruixianfan,57,0.5647600079333466
ruixianfan,58,0.45
ruixianfan,59,0.4
ruixianfan,60,0.6718790031316719
ruixianfan,61,0.4
ruixianfan,62,0.48
ruixianfan,63,0.9355313092188486
ruixianfan,64,2.69
ruixianfan,65,2.23
ruixianfan,66,0.39707329512215855
ruixianfan,67,0.14
ruixianfan,68,0.2
ruixianfan,69,0.14790717984529975
ruixianfan,70,0.16
ruixianfan,71,0.19
ruixianfan,72,0.1569693282822138
ruixianfan,73,0.19
ruixianfan,74,0.26
ruixianfan,75,0.24835004725007875
ruixianfan,76,0.46
ruixianfan,77,0.5
ruixianfan,78,0.6501919836533061
ruixianfan,79,0.12
ruixianfan,80,0.14
ruixianfan,81,0.1174584957641596
ruixianfan,82,0.11
ruixianfan,83,0.16
ruixianfan,84,0.1647379912299854
ruixianfan,85,0.07
ruixianfan,86,0.13
ruixianfan,87,0.2763974773291289
ruixianfan,88,0.54
ruixianfan,89,0.55
ruixianfan,90,0.36812666354443924
ruixianfan,91,0.3
ruixianfan,92,0.3
ruixianfan,93,0.2742009903349839
ruixianfan,94,0.43
ruixianfan,95,0.38
ruixianfan,96,0.15900366500610835
ruixianfan,97,0.54
ruixianfan,98,0.47
ruixianfan,99,0.5395332658887765
ruixianfan,100,0.49
ruixianfan,101,0.13
ruixianfan,102,0.14718901198168666
ruixianfan,103,0.13
ruixianfan,104,0.19
ruixianfan,105,0.39104233507055847
ruixianfan,106,0.46
ruixianfan,107,0.33
ruixianfan,108,0.3542280070466784
ruixianfan,109,0.41
ruixianfan,110,0.28
ruixianfan,111,0.22321700536167557
ruixianfan,112,0.37
ruixianfan,113,0.3
ruixianfan,114,0.28456165760276264
ruixianfan,115,0.22
ruixianfan,116,0.29
ruixianfan,117,0.1689766482944138
ruixianfan,118,0.3
ruixianfan,119,0.45
ruixianfan,120,0.39060905101508503
ruixianfan,121,0.42
ruixianfan,122,0.23
ruixianfan,123,0.31157063595105994
ruixianfan,124,1.16
ruixianfan,125,0.39
ruixianfan,126,0.5605346508910847
ruixianfan,127,0.75
ruixianfan,128,0.56
ruixianfan,129,0.6590694817824696
ruixianfan,130,0.66
ruixianfan,131,0.65
ruixianfan,132,0.6036582060970102
ruixianfan,133,0.48
ruixianfan,134,0.44
ruixianfan,135,0.4174469957449929
ruixianfan,136,0.51
ruixianfan,137,0.97
ruixianfan,138,0.7822267537112562
ruixianfan,139,0.48
ruixianfan,140,0.89
ruixianfan,141,0.7408351013918356
ruixianfan,142,0.68
ruixianfan,143,0.54
jamilajad,0,0.0349663282571912
jamilajad,1,0.03
jamilajad,2,0.03
jamilajad,3,0.029509644670050756
jamilajad,4,0.03426565143824027
jamilajad,5,0.03
jamilajad,6,0.046947913617451126
jamilajad,7,0.04
jamilajad,8,0.04
jamilajad,9,0.03
jamilajad,10,0.04
jamilajad,11,0.03
jamilajad,12,0.035439078577121114
jamilajad,13,0.03019439965211447
jamilajad,14,0.04
jamilajad,15,0.03494973764761024
jamilajad,16,0.03
jamilajad,17,0.030000000000000002
jamilajad,18,0.030000000000000002
jamilajad,19,0.03
jamilajad,20,0.12057967949184348
jamilajad,21,0.02
jamilajad,22,0.02
jamilajad,23,0.018463956791805063
jamilajad,24,0.025055473867130067
jamilajad,25,0.04
jamilajad,26,0.03730405635204121
jamilajad,27,0.04414819652825132
jamilajad,28,0.06
jamilajad,29,0.08422670765940382
jamilajad,30,0.09
jamilajad,31,0.11854822089377479
jamilajad,32,0.05
jamilajad,33,0.05
jamilajad,34,0.04835228147594159
jamilajad,35,0.13237316814410854
jamilajad,36,0.19
jamilajad,37,0.44288942959294353
jamilajad,38,0.5636416474477961
jamilajad,39,0.47
jamilajad,40,0.8330660627175343
jamilajad,41,0.4761397565816524
jamilajad,42,0.5499317088522991
jamilajad,43,1.48
jamilajad,44,0.335524442511747
jamilajad,45,0.46955940703791377
jamilajad,46,0.77
jamilajad,47,0.5403636385171549
jamilajad,48,0.6169882351746788
jamilajad,49,0.51
jamilajad,50,0.3889257003818958
jamilajad,51,0.61
jamilajad,52,0.7451659647478253
jamilajad,53,1.0815102056010246
jamilajad,54,0.89
jamilajad,55,1.4087568337679082
jamilajad,56,1.223982443286706
jamilajad,57,1.1
jamilajad,58,0.7577394039583824
jamilajad,59,1.333665302310156
jamilajad,60,7.609277900639426
jamilajad,61,0.86
jamilajad,62,7.143009954331564
jamilajad,63,1.86
jamilajad,64,1.2144640177056139
jamilajad,65,2.713881089477309
jamilajad,66,2.0920044873172374
jamilajad,67,2.59
jamilajad,68,2.854983917062466
jamilajad,69,2.78
jamilajad,70,3.0371494198805746
jamilajad,71,2.2874236504630296
jamilajad,72,1.69
jamilajad,73,1.3738493466147996
jamilajad,74,1.681731475010956
jamilajad,75,1.49
jamilajad,76,1.8309125903766335
jamilajad,77,1.975635001074452
jamilajad,78,1.8201015228426396
jamilajad,79,2.66
jamilajad,80,2.8913705583756344
jamilajad,81,2.528777239893807
jamilajad,82,2.46
jamilajad,83,1.8335328655378433
jamilajad,84,1.6421350253807108
jamilajad,85,1.07
jamilajad,86,0.26047918781725893
jamilajad,87,0.67962499090523
jamilajad,88,0.28
jamilajad,89,0.6315923207991891
jamilajad,90,0.8737044055912107
jamilajad,91,1.61
jamilajad,92,1.8601746365053073
jamilajad,93,0.9697319796954315
jamilajad,94,1.06
jamilajad,95,0.6011843505657369
jamilajad,96,0.18429242689073927
jamilajad,97,0.33
jamilajad,98,0.9435521887515884
jamilajad,99,1.3151396026050806
jamilajad,100,0.7
jamilajad,101,0.7823002238582468
jamilajad,102,0.9697938744397198
jamilajad,103,1.08
jamilajad,104,1.8567503159903824
jamilajad,105,2.1874757825309348
jamilajad,106,1.56
jamilajad,107,0.7983711647566238
jamilajad,108,0.7913304929449966
jamilajad,109,1.58
jamilajad,110,2.023378042940851
jamilajad,111,1.79
jamilajad,112,1.4004892732475014
jamilajad,113,1.2535421041321562
jamilajad,114,0.88
jamilajad,115,0.6883907079369
jamilajad,116,0.6719233196672075
jamilajad,117,0.55
jamilajad,118,1.1154780126531518
jamilajad,119,0.16205785458181823
jamilajad,120,1.09
jamilajad,121,0.9182980343452357
jamilajad,122,0.9766239875194375
jamilajad,123,0.84
jamilajad,124,0.3409518121012049
jamilajad,125,0.3247665393680869
jamilajad,126,0.29
jamilajad,127,0.08204193238905651
jamilajad,128,0.060000000000000005
jamilajad,129,0.06
jamilajad,130,0.05999999999999999
jamilajad,131,0.06987311315247573
jamilajad,132,0.05
jamilajad,133,0.05
jamilajad,134,0.04882859361860173
jamilajad,135,0.04
jamilajad,136,0.04188191519782605
jamilajad,137,0.030711507126069588
jamilajad,138,0.04
jamilajad,139,0.04460880644468096
jamilajad,140,0.03
jamilajad,141,0.04063585555982328
jamilajad,142,0.04
jamilajad,143,0.04
mingmarlama,0,0.02
mingmarlama,1,0.02
mingmarlama,2,0.01
mingmarlama,3,0.012576875130740019
mingmarlama,4,0.0
mingmarlama,5,0.01
mingmarlama,6,0.018711562434629993
mingmarlama,7,0.03
mingmarlama,8,0.05
mingmarlama,9,0.028067343651944986
mingmarlama,10,0.31
mingmarlama,11,0.31
mingmarlama,12,0.02576875130740018
mingmarlama,13,0.01
mingmarlama,14,0.01
mingmarlama,15,0.013221093913425023
mingmarlama,16,0.01
mingmarlama,17,0.02
mingmarlama,18,0.017730625392220055
mingmarlama,19,0.01
mingmarlama,20,0.01
mingmarlama,21,0.01
mingmarlama,22,0.02
mingmarlama,23,0.02
mingmarlama,24,0.025153750261480035
mingmarlama,25,0.02
mingmarlama,26,0.03
mingmarlama,27,0.20043253474920877
mingmarlama,28,0.24
mingmarlama,29,0.07
mingmarlama,30,0.15018110575017984
mingmarlama,31,0.24
mingmarlama,32,0.11
mingmarlama,33,0.18039991564611504
mingmarlama,34,0.3
mingmarlama,35,0.28
mingmarlama,36,0.3528181340444456
mingmarlama,37,0.09
mingmarlama,38,0.2
mingmarlama,39,0.04837416390163929
mingmarlama,40,0.04
mingmarlama,41,0.03
mingmarlama,42,0.06411029610594578
mingmarlama,43,0.08
mingmarlama,44,0.01
mingmarlama,45,0.02101219559897211
mingmarlama,46,0.05
mingmarlama,47,0.12
mingmarlama,48,0.1
mingmarlama,49,0.30631836108564814
mingmarlama,50,0.08
mingmarlama,51,0.13
mingmarlama,52,0.11567759468978689
mingmarlama,53,0.06
mingmarlama,54,0.08
mingmarlama,55,0.05159524080823267
mingmarlama,56,0.04
mingmarlama,57,0.11
mingmarlama,58,0.11
mingmarlama,59,0.17
mingmarlama,60,0.19
mingmarlama,61,0.06595310536242409
mingmarlama,62,0.09
mingmarlama,63,0.1
mingmarlama,64,0.09766523412454783
mingmarlama,65,0.25
mingmarlama,66,0.4
mingmarlama,67,0.24337692751178144
mingmarlama,68,0.18
mingmarlama,69,0.15
mingmarlama,70,0.0948163347216577
mingmarlama,71,0.08
mingmarlama,72,0.08
mingmarlama,73,0.15546055350434268
mingmarlama,74,0.1
mingmarlama,75,0.09
mingmarlama,76,0.11116182170377839
mingmarlama,77,0.12
mingmarlama,78,0.13
mingmarlama,79,0.1
mingmarlama,80,0.14
mingmarlama,81,0.15
mingmarlama,82,0.17564074088561374
mingmarlama,83,0.23
mingmarlama,84,0.17
mingmarlama,85,0.25401628234061624
mingmarlama,86,0.68
mingmarlama,87,0.74
mingmarlama,88,0.7056254347371339
mingmarlama,89,0.19
mingmarlama,90,0.19
mingmarlama,91,0.23629121818234386
mingmarlama,92,0.43
mingmarlama,93,0.41
mingmarlama,94,0.46877348430864674
mingmarlama,95,0.35
mingmarlama,96,0.08
mingmarlama,97,0.07
mingmarlama,98,0.6869319675713734
mingmarlama,99,0.43
mingmarlama,100,0.14
mingmarlama,101,0.4946556881899459
mingmarlama,102,0.22
mingmarlama,103,0.21
mingmarlama,104,0.7024488987226168
mingmarlama,105,0.61
mingmarlama,106,0.27
mingmarlama,107,0.3665729363485312
mingmarlama,108,0.22
mingmarlama,109,0.25
mingmarlama,110,0.4514762610140493
mingmarlama,111,0.23
mingmarlama,112,0.26
mingmarlama,113,0.2546611984033986
mingmarlama,114,0.54
mingmarlama,115,0.34
mingmarlama,116,0.3872951314543052
mingmarlama,117,0.23
mingmarlama,118,0.01
mingmarlama,119,0.01
mingmarlama,120,0.01
mingmarlama,121,0.01
mingmarlama,122,0.01
mingmarlama,123,0.01
mingmarlama,124,0.01
mingmarlama,125,0.016411575529890355
mingmarlama,126,0.01
mingmarlama,127,0.01
mingmarlama,128,0.01
mingmarlama,129,0.01
mingmarlama,130,0.01
mingmarlama,131,0.010000000000000002
mingmarlama,132,0.01
mingmarlama,133,0.02
mingmarlama,134,0.010000000000000002
mingmarlama,135,0.02
mingmarlama,136,0.01
mingmarlama,137,0.011011549339369625
mingmarlama,138,0.02
mingmarlama,139,0.03
mingmarlama,140,0.01
mingmarlama,141,0.01
mingmarlama,142,0.02
mingmarlama,143,0.01
abhaysingh,0,0.03
abhaysingh,1,0.03
abhaysingh,2,0.01
abhaysingh,3,0.03
abhaysingh,4,0.03
abhaysingh,5,0.0
abhaysingh,6,0.0
abhaysingh,7,0.0
abhaysingh,8,0.0
abhaysingh,9,0.0
abhaysingh,10,0.0
abhaysingh,11,0.0
abhaysingh,12,0.0
abhaysingh,13,0.0
abhaysingh,14,0.0
abhaysingh,15,0.0
abhaysingh,16,0.0
abhaysingh,17,0.0
abhaysingh,18,0.0
abhaysingh,19,0.0
abhaysingh,20,0.0
abhaysingh,21,0.0
abhaysingh,22,0.0
abhaysingh,23,0.0
abhaysingh,24,0.0
abhaysingh,25,0.0
abhaysingh,26,0.0
abhaysingh,27,0.0
abhaysingh,28,0.0
abhaysingh,29,0.0
abhaysingh,30,0.0
abhaysingh,31,0.0
abhaysingh,32,0.0
abhaysingh,33,0.0
abhaysingh,34,0.64
abhaysingh,35,2.33
abhaysingh,36,1.9092515346436305
abhaysingh,37,3.68
abhaysingh,38,1.68
abhaysingh,39,3.8620793356917127
abhaysingh,40,1.99
abhaysingh,41,1.56
abhaysingh,42,3.773786684118004
abhaysingh,43,1.69
abhaysingh,44,0.32
abhaysingh,45,0.5759699598830715
abhaysingh,46,0.54
abhaysingh,47,0.48
abhaysingh,48,0.4701001337230947
abhaysingh,49,0.29
abhaysingh,50,0.45
abhaysingh,51,0.12253723295030541
abhaysingh,52,0.08
abhaysingh,53,0.18
abhaysingh,54,0.21029722921073327
abhaysingh,55,0.15
abhaysingh,56,0.38
abhaysingh,57,0.386766588925858
abhaysingh,58,0.22
abhaysingh,59,0.12
abhaysingh,60,0.9349749665692264
abhaysingh,61,1.09
abhaysingh,62,0.53
abhaysingh,63,0.4295525702046248
abhaysingh,64,0.24
abhaysingh,65,0.55
abhaysingh,66,0.6325677004469122
abhaysingh,67,1.29
abhaysingh,68,1.49
abhaysingh,69,1.375724550458348
abhaysingh,70,1.74
abhaysingh,71,0.3
abhaysingh,72,0.26314125733098054
abhaysingh,73,0.18
abhaysingh,74,0.29
abhaysingh,75,0.7485766921146779
abhaysingh,76,0.95
abhaysingh,77,0.98
abhaysingh,78,0.3087058409112536
abhaysingh,79,0.18
abhaysingh,80,0.15
abhaysingh,81,0.3456510111035244
abhaysingh,82,0.31
abhaysingh,83,0.04
abhaysingh,84,0.14278731684026186
abhaysingh,85,0.22
abhaysingh,86,0.44
abhaysingh,87,0.35598134554481725
abhaysingh,88,0.43
abhaysingh,89,0.26
abhaysingh,90,0.5699999999999998
abhaysingh,91,0.07
abhaysingh,92,0.26
abhaysingh,93,0.42874607470129333
abhaysingh,94,0.68
abhaysingh,95,0.46
abhaysingh,96,0.25822376998959934
abhaysingh,97,0.36
abhaysingh,98,0.45
abhaysingh,99,0.40343037300563106
abhaysingh,100,0.44
abhaysingh,101,0.17
abhaysingh,102,0.16876665904283647
abhaysingh,103,0.09
abhaysingh,104,0.25
abhaysingh,105,0.1439352486398141
abhaysingh,106,0.15
abhaysingh,107,0.31
abhaysingh,108,0.39462503276299293
abhaysingh,109,0.7
abhaysingh,110,0.06
abhaysingh,111,0.16393827034769673
abhaysingh,112,0.35
abhaysingh,113,0.32
abhaysingh,114,0.04000000000000001
abhaysingh,115,0.04
abhaysingh,116,0.14
abhaysingh,117,0.8176361897098325
abhaysingh,118,0.54
abhaysingh,119,0.18
abhaysingh,120,0.30809545591895815
abhaysingh,121,0.72
abhaysingh,122,0.54
abhaysingh,123,0.2436714251609769
abhaysingh,124,0.51
abhaysingh,125,0.19
abhaysingh,126,0.2170009632737283
abhaysingh,127,0.38
abhaysingh,128,0.38
abhaysingh,129,0.2728754305099007
abhaysingh,130,0.96
abhaysingh,131,0.07
abhaysingh,132,0.030000000000000002
abhaysingh,133,0.03
abhaysingh,134,0.03
abhaysingh,135,0.030000000000000002
abhaysingh,136,0.03
abhaysingh,137,0.04
abhaysingh,138,0.0377101798166608
abhaysingh,139,0.03
abhaysingh,140,0.03
abhaysingh,141,0.04
abhaysingh,142,0.03
abhaysingh,143,0.03
ivanmontano,0,0.38
ivanmontano,1,0.38
ivanmontano,2,0.36
ivanmontano,3,0.20973966567556876
ivanmontano,4,0.15
ivanmontano,5,0.15
ivanmontano,6,0.14
ivanmontano,7,0.15
ivanmontano,8,0.15
ivanmontano,9,0.15
ivanmontano,10,0.37
ivanmontano,11,0.45
ivanmontano,12,0.44
ivanmontano,13,0.42
ivanmontano,14,0.41
ivanmontano,15,0.4294217018726242
ivanmontano,16,0.47
ivanmontano,17,0.74
ivanmontano,18,0.5644013262125646
ivanmontano,19,0.39
ivanmontano,20,0.34
ivanmontano,21,0.32961118465974065
ivanmontano,22,0.35
ivanmontano,23,0.35
ivanmontano,24,0.33872186764919476
ivanmontano,25,0.34
ivanmontano,26,0.35
ivanmontano,27,0.30466611797348575
ivanmontano,28,0.22
ivanmontano,29,0.33
ivanmontano,30,0.9368567059377394
ivanmontano,31,1.06
ivanmontano,32,1.39
ivanmontano,33,0.7085823181674761
ivanmontano,34,1.28
ivanmontano,35,1.03
ivanmontano,36,0.704570758882736
ivanmontano,37,0.76
ivanmontano,38,0.99
ivanmontano,39,1.4163439004071792
ivanmontano,40,1.19
ivanmontano,41,0.67
ivanmontano,42,0.7187312833577352
ivanmontano,43,0.48
ivanmontano,44,0.44
ivanmontano,45,1.5884723012893176
ivanmontano,46,0.3
ivanmontano,47,1.65
ivanmontano,48,0.7062953694413514
ivanmontano,49,0.74
ivanmontano,50,0.83
ivanmontano,51,0.9387712333409572
ivanmontano,52,1.1
ivanmontano,53,1.07
ivanmontano,54,0.9861389918847945
ivanmontano,55,0.66
ivanmontano,56,0.75
ivanmontano,57,0.8577181431020753
ivanmontano,58,1.05
ivanmontano,59,0.79
ivanmontano,60,0.3995457254519623
ivanmontano,61,0.44
ivanmontano,62,0.24
ivanmontano,63,0.38980899801168284
ivanmontano,64,0.96
ivanmontano,65,0.26
ivanmontano,66,0.22706779143203912
ivanmontano,67,0.28
ivanmontano,68,0.32
ivanmontano,69,0.6910710535409909
ivanmontano,70,1.1
ivanmontano,71,1.1
ivanmontano,72,0.8549756677390111
ivanmontano,73,1.53
ivanmontano,74,0.91
ivanmontano,75,0.5260019966644351
ivanmontano,76,0.35
ivanmontano,77,0.5
ivanmontano,78,0.47242668184754905
ivanmontano,79,0.23
ivanmontano,80,0.51
ivanmontano,81,0.48143237300896996
ivanmontano,82,0.32
ivanmontano,83,0.31
ivanmontano,84,0.6323011390670102
ivanmontano,85,0.54
ivanmontano,86,0.26
ivanmontano,87,0.0780272254210775
ivanmontano,88,0.35
ivanmontano,89,0.15
ivanmontano,90,0.23801667448526626
ivanmontano,91,0.87
ivanmontano,92,1.18
ivanmontano,93,0.851620486845554
ivanmontano,94,1.07
ivanmontano,95,1.04
ivanmontano,96,0.9769060716295019
ivanmontano,97,1.05
ivanmontano,98,1.64
ivanmontano,99,1.659535875685936
ivanmontano,100,1.53
ivanmontano,101,0.94
ivanmontano,102,1.0620324574832345
ivanmontano,103,1.21
ivanmontano,104,1.38
ivanmontano,105,1.2360851186729862
ivanmontano,106,1.44
ivanmontano,107,1.13
ivanmontano,108,1.0685733031273843
ivanmontano,109,0.79
ivanmontano,110,1.48
ivanmontano,111,1.457960814625734
ivanmontano,112,1.49
ivanmontano,113,0.86
ivanmontano,114,1.4226616026711185
ivanmontano,115,1.45
ivanmontano,116,1.24
ivanmontano,117,1.3615022562642007
ivanmontano,118,1.35
ivanmontano,119,1.47
ivanmontano,120,1.4073720156461027
ivanmontano,121,1.26
ivanmontano,122,1.4
ivanmontano,123,1.1727242783376932
ivanmontano,124,1.52
ivanmontano,125,1.11
ivanmontano,126,1.2079664440734559
ivanmontano,127,0.55
ivanmontano,128,0.19
ivanmontano,129,0.1617203534563497
ivanmontano,130,0.25
ivanmontano,131,0.69
ivanmontano,132,0.7217564303112358
ivanmontano,133,0.48
ivanmontano,134,0.5
ivanmontano,135,0.4253754179890117
ivanmontano,136,0.4
ivanmontano,137,0.38
ivanmontano,138,0.4163309120716395
ivanmontano,139,0.42
ivanmontano,140,0.44
ivanmontano,141,0.41
ivanmontano,142,0.38
ivanmontano,143,0.37
edithkaphuka,0,0.01
edithkaphuka,1,0.01
edithkaphuka,2,0.01
edithkaphuka,3,0.010000000000000002
edithkaphuka,4,0.01
edithkaphuka,5,0.01
edithkaphuka,6,0.01
edithkaphuka,7,0.01
edithkaphuka,8,0.01
edithkaphuka,9,0.01
edithkaphuka,10,0.01
edithkaphuka,11,0.01
edithkaphuka,12,0.010000000000000002
edithkaphuka,13,0.01
edithkaphuka,14,0.02
edithkaphuka,15,0.01
edithkaphuka,16,0.01
edithkaphuka,17,0.01
edithkaphuka,18,0.010000000000000002
edithkaphuka,19,0.01
edithkaphuka,20,0.01
edithkaphuka,21,0.01
edithkaphuka,22,0.01
edithkaphuka,23,0.01
edithkaphuka,24,0.02024531707552846
edithkaphuka,25,0.12104263507105846
edithkaphuka,26,0.2
edithkaphuka,27,0.1633118055196759
edithkaphuka,28,0.20820458034096725
edithkaphuka,29,0.3
edithkaphuka,30,0.14877339795566324
edithkaphuka,31,0.3232199220332034
edithkaphuka,32,0.51
edithkaphuka,33,0.3339282898804832
edithkaphuka,34,0.32817393028988384
edithkaphuka,35,0.26
edithkaphuka,36,0.09816008026680044
edithkaphuka,37,0.18155006925011544
edithkaphuka,38,1.07
edithkaphuka,39,1.1903986506644177
edithkaphuka,40,1.1780231133718555
edithkaphuka,41,0.78
edithkaphuka,42,2.405706826178044
edithkaphuka,43,0.8812155686926144
edithkaphuka,44,0.38
edithkaphuka,45,0.9590614151023585
edithkaphuka,46,2.0849925249875416
edithkaphuka,47,2.38
edithkaphuka,48,2.5199296998828333
edithkaphuka,49,1.6901531835886392
edithkaphuka,50,1.49
edithkaphuka,51,1.5625601042668407
edithkaphuka,52,1.264229040381734
edithkaphuka,53,2.33
edithkaphuka,54,1.8998979998299999
edithkaphuka,55,2.11528014213357
edithkaphuka,56,2.08
edithkaphuka,57,1.5599869499782502
edithkaphuka,58,1.8080903301505504
edithkaphuka,59,1.72
edithkaphuka,60,1.4198948664914441
edithkaphuka,61,2.509283515472526
edithkaphuka,62,1.67
edithkaphuka,63,0.5077642962738271
edithkaphuka,64,0.6512629354382257
edithkaphuka,65,0.13
edithkaphuka,66,0.27988023313372185
edithkaphuka,67,0.7775605459342433
edithkaphuka,68,0.57
edithkaphuka,69,1.676270293783823
edithkaphuka,70,0.9332841888069815
edithkaphuka,71,0.61
edithkaphuka,72,0.7040032233387056
edithkaphuka,73,0.5862541270902119
edithkaphuka,74,0.5
edithkaphuka,75,0.46787079645132734
edithkaphuka,76,0.18753342922238203
edithkaphuka,77,0.22
edithkaphuka,78,0.12970318283863808
edithkaphuka,79,0.1693756822928038
edithkaphuka,80,0.21
edithkaphuka,81,0.1983584139306899
edithkaphuka,82,0.4273185121975203
edithkaphuka,83,0.63
edithkaphuka,84,0.543230855384759
edithkaphuka,85,0.5426472544120907
edithkaphuka,86,0.52
edithkaphuka,87,0.44013091688486145
edithkaphuka,88,0.2151400919001532
edithkaphuka,89,0.38
edithkaphuka,90,0.2958844431407386
edithkaphuka,91,0.36933643222738705
edithkaphuka,92,0.32
edithkaphuka,93,0.670529334215557
edithkaphuka,94,0.43240920401534
edithkaphuka,95,0.54
edithkaphuka,96,0.47866971444952405
edithkaphuka,97,1.333042105070175
edithkaphuka,98,0.91
edithkaphuka,99,0.874876824794708
edithkaphuka,100,0.5692467987446646
edithkaphuka,101,0.63
edithkaphuka,102,0.13945701576169295
edithkaphuka,103,0.15332502220837038
edithkaphuka,104,0.76
edithkaphuka,105,0.6426203210338685
edithkaphuka,106,0.3835597059328433
edithkaphuka,107,0.49
edithkaphuka,108,0.3897265995443326
edithkaphuka,109,0.11430739051231753
edithkaphuka,110,0.1
edithkaphuka,111,0.08317908863181439
edithkaphuka,112,0.18260463767439614
edithkaphuka,113,0.24
edithkaphuka,114,0.09000000000000001
edithkaphuka,115,0.01
edithkaphuka,116,0.01
edithkaphuka,117,0.01
edithkaphuka,118,0.01
edithkaphuka,119,0.01
edithkaphuka,120,0.010000000000000002
edithkaphuka,121,0.01
edithkaphuka,122,0.01
edithkaphuka,123,0.01
edithkaphuka,124,0.01
edithkaphuka,125,0.01
edithkaphuka,126,0.01
edithkaphuka,127,0.01
edithkaphuka,128,0.01
edithkaphuka,129,0.010000000000000002
edithkaphuka,130,0.01
edithkaphuka,131,0.01
edithkaphuka,132,0.01
edithkaphuka,133,0.01
edithkaphuka,134,0.01
edithkaphuka,135,0.010000000000000002
edithkaphuka,136,0.01
edithkaphuka,137,0.01
edithkaphuka,138,0.01
edithkaphuka,139,0.01
edithkaphuka,140,0.01
edithkaphuka,141,0.01
edithkaphuka,142,0.01
edithkaphuka,143,0.01
raelfeliciano,0,1.37
raelfeliciano,1,0.9598667583909628
raelfeliciano,2,1.9
raelfeliciano,3,0.9441782141003691
raelfeliciano,4,1.04
raelfeliciano,5,1.64
raelfeliciano,6,1.750613811403123
raelfeliciano,7,0.66
raelfeliciano,8,0.5295970510293984
raelfeliciano,9,0.29457327586206894
raelfeliciano,10,0.32
raelfeliciano,11,0.4820537931034483
raelfeliciano,12,1.42
raelfeliciano,13,0.9373753575437199
raelfeliciano,14,0.94
raelfeliciano,15,0.9471737709892603
raelfeliciano,16,1.2460984932732642
raelfeliciano,17,0.61
raelfeliciano,18,0.5086432735228854
raelfeliciano,19,0.09093724299524654
raelfeliciano,20,0.3
raelfeliciano,21,0.560975777544444
raelfeliciano,22,0.26
raelfeliciano,23,0.4600000000000001
raelfeliciano,24,0.2208258634928681
raelfeliciano,25,0.36
raelfeliciano,26,0.3174667542530246
raelfeliciano,27,0.33
raelfeliciano,28,0.25583161350278194
raelfeliciano,29,0.11359826482459454
raelfeliciano,30,0.11
raelfeliciano,31,0.10018653480437034
raelfeliciano,32,0.08
raelfeliciano,33,0.026084855318716064
raelfeliciano,34,0.010000000000000002
raelfeliciano,35,0.01
raelfeliciano,36,0.01
raelfeliciano,37,0.01
raelfeliciano,38,0.011615330371259261
raelfeliciano,39,0.0270686156355442
raelfeliciano,40,0.01
raelfeliciano,41,0.02
raelfeliciano,42,0.02
raelfeliciano,43,0.011639468343910938
raelfeliciano,44,0.011807934151610607
raelfeliciano,45,0.01
raelfeliciano,46,0.014674835646268355
raelfeliciano,47,0.01
raelfeliciano,48,0.010000000000000002
raelfeliciano,49,0.01
raelfeliciano,50,0.01
raelfeliciano,51,0.01
raelfeliciano,52,0.02
raelfeliciano,53,0.020000000000000004
raelfeliciano,54,0.06551464743904731
raelfeliciano,55,0.03
raelfeliciano,56,0.02435138681273588
raelfeliciano,57,0.03
raelfeliciano,58,0.3113893817058305
raelfeliciano,59,0.5311018122445039
raelfeliciano,60,1.76
raelfeliciano,61,0.24748046117320893
raelfeliciano,62,0.19
raelfeliciano,63,0.3547514047438013
raelfeliciano,64,0.5282149107153633
raelfeliciano,65,0.48
raelfeliciano,66,0.44970946501631903
raelfeliciano,67,0.49
raelfeliciano,68,0.3967958737859893
raelfeliciano,69,0.74
raelfeliciano,70,0.66377038581101
raelfeliciano,71,0.6764121489864637
raelfeliciano,72,0.72
raelfeliciano,73,0.7584797215167614
raelfeliciano,74,0.66
raelfeliciano,75,0.6348898532583677
raelfeliciano,76,0.5142537831961779
raelfeliciano,77,0.53
raelfeliciano,78,0.4352912849849741
raelfeliciano,79,0.45
raelfeliciano,80,0.7164764594421715
raelfeliciano,81,0.6473798747928876
raelfeliciano,82,0.38
raelfeliciano,83,0.449860310103983
raelfeliciano,84,0.5086137907134323
raelfeliciano,85,0.43
raelfeliciano,86,0.26505840527311253
raelfeliciano,87,0.11
raelfeliciano,88,0.30083588075151857
raelfeliciano,89,0.72
raelfeliciano,90,0.46469743913351574
raelfeliciano,91,0.49184986525838836
raelfeliciano,92,0.48
raelfeliciano,93,0.43808360014413816
raelfeliciano,94,0.55
raelfeliciano,95,0.49852587676875304
raelfeliciano,96,0.37507414667956324
raelfeliciano,97,0.63
raelfeliciano,98,0.660234465921493
raelfeliciano,99,0.7126594183783076
raelfeliciano,100,0.83
raelfeliciano,101,0.8575049267326323
raelfeliciano,102,0.6674586163079592
raelfeliciano,103,0.97
raelfeliciano,104,0.7056011131053674
raelfeliciano,105,0.79
raelfeliciano,106,0.8917371754089232
raelfeliciano,107,0.6336304890180845
raelfeliciano,108,0.44
raelfeliciano,109,0.7401284829801431
raelfeliciano,110,0.8160025103491558
raelfeliciano,111,1.1
raelfeliciano,112,0.4460819932448159
raelfeliciano,113,0.39334438507652597
raelfeliciano,114,0.37
raelfeliciano,115,0.5354179058929411
raelfeliciano,116,0.44
raelfeliciano,117,0.40121920899863617
raelfeliciano,118,0.41062357004063804
raelfeliciano,119,0.75
raelfeliciano,120,0.7411419847275599
raelfeliciano,121,0.46
raelfeliciano,122,0.479339102308797
raelfeliciano,123,0.6587666702873626
raelfeliciano,124,0.53
raelfeliciano,125,0.6723666075286338
raelfeliciano,126,0.6013560540621621
raelfeliciano,127,0.92
raelfeliciano,128,0.904117920892967
raelfeliciano,129,0.8845024043144902
raelfeliciano,130,0.22
raelfeliciano,131,0.7489385326526424
raelfeliciano,132,0.8788653256298717
raelfeliciano,133,1.36
raelfeliciano,134,1.0087157908892945
raelfeliciano,135,1.07
raelfeliciano,136,1.0807681564968215
raelfeliciano,137,1.4155277509099153
raelfeliciano,138,1.78
raelfeliciano,139,1.9230237638340757
raelfeliciano,140,1.617154908887774
raelfeliciano,141,0.21
raelfeliciano,142,0.1289986017217271
raelfeliciano,143,0.37
